scenario,var,id,val,pos
0.05,SALB,MVPI000001,0.1365,pd
0.05,SLU1,MVPI000002,8.4,pd
0.05,SLDR,MVPI000003,0.63,pd
0.05,SLRO,MVPI000004,78.75,pd
0.05,SLNF,MVPI000005,1,pd
0.05,SLPF,MVPI000006,1,pd
0.05,SLB,MVPI000007,9.45,ld1
0.05,SLLL,MVPI000008,0.2058,ld1
0.05,SDUL,MVPI000009,0.3738,ld1
0.05,SSAT,MVPI000010,0.49455,ld1
0.05,SRGF,MVPI000011,0.945,ld1
0.05,SSKS,MVPI000012,0.4305,ld1
0.05,SBDM,MVPI000013,1.3965,ld1
0.05,SLOC,MVPI000014,1.785,ld1
0.05,SLCL,MVPI000015,52.5,ld1
0.05,SLSI,MVPI000016,7.35,ld1
0.05,SLNI,MVPI000017,0.1785,ld1
0.05,SLHW,MVPI000018,5.355,ld1
0.05,SCEC,MVPI000019,4.305,ld1
0.05,SLB,MVPI000007,37.8,ld2
0.05,SLLL,MVPI000008,0.20475,ld2
0.05,SDUL,MVPI000009,0.37485,ld2
0.05,SSAT,MVPI000010,0.525,ld2
0.05,SRGF,MVPI000011,1,ld2
0.05,SSKS,MVPI000012,0.651,ld2
0.05,SBDM,MVPI000013,1.323,ld2
0.05,SLOC,MVPI000014,1.26,ld2
0.05,SLCL,MVPI000015,54.6,ld2
0.05,SLSI,MVPI000016,9.45,ld2
0.05,SLNI,MVPI000017,0.126,ld2
0.05,SLHW,MVPI000018,5.145,ld2
0.05,SCEC,MVPI000019,3.675,ld2
0.05,SLB,MVPI000007,75.6,ld3
0.05,SLLL,MVPI000008,0.2415,ld3
0.05,SDUL,MVPI000009,0.3675,ld3
0.05,SSAT,MVPI000010,0.5838,ld3
0.05,SRGF,MVPI000011,0.84,ld3
0.05,SSKS,MVPI000012,1.3335,ld3
0.05,SBDM,MVPI000013,1.176,ld3
0.05,SLOC,MVPI000014,0.735,ld3
0.05,SLCL,MVPI000015,57.75,ld3
0.05,SLSI,MVPI000016,11.55,ld3
0.05,SLNI,MVPI000017,0.0735,ld3
0.05,SLHW,MVPI000018,5.04,ld3
0.05,SCEC,MVPI000019,1.89,ld3
0.05,SLB,MVPI000007,107.1,ld4
0.05,SLLL,MVPI000008,0.2247,ld4
0.05,SDUL,MVPI000009,0.3759,ld4
0.05,SSAT,MVPI000010,0.6237,ld4
0.05,SRGF,MVPI000011,0.525,ld4
0.05,SSKS,MVPI000012,1.6485,ld4
0.05,SBDM,MVPI000013,1.071,ld4
0.05,SLOC,MVPI000014,0.525,ld4
0.05,SLCL,MVPI000015,63,ld4
0.05,SLSI,MVPI000016,8.4,ld4
0.05,SLNI,MVPI000017,0.0525,ld4
0.05,SLHW,MVPI000018,5.25,ld4
0.05,SCEC,MVPI000019,1.89,ld4
0.05,SLB,MVPI000007,154.35,ld5
0.05,SLLL,MVPI000008,0.21945,ld5
0.05,SDUL,MVPI000009,0.36435,ld5
0.05,SSAT,MVPI000010,0.47775,ld5
0.05,SRGF,MVPI000011,0.21,ld5
0.05,SSKS,MVPI000012,0.399,ld5
0.05,SBDM,MVPI000013,1.47,ld5
0.05,SLOC,MVPI000014,0.315,ld5
0.05,SLCL,MVPI000015,61.95,ld5
0.05,SLSI,MVPI000016,8.4,ld5
0.05,SLNI,MVPI000017,0.0315,ld5
0.05,SLHW,MVPI000018,5.985,ld5
0.05,SCEC,MVPI000019,1.89,ld5
0.05,SLB,MVPI000007,183.75,ld6
0.05,SLLL,MVPI000008,0.21945,ld6
0.05,SDUL,MVPI000009,0.36435,ld6
0.05,SSAT,MVPI000010,0.47565,ld6
0.05,SRGF,MVPI000011,0.0525,ld6
0.05,SSKS,MVPI000012,0.3885,ld6
0.05,SBDM,MVPI000013,1.47,ld6
0.05,SLOC,MVPI000014,0.315,ld6
0.05,SLCL,MVPI000015,60.9,ld6
0.05,SLSI,MVPI000016,9.45,ld6
0.05,SLNI,MVPI000017,0.0315,ld6
0.05,SLHW,MVPI000018,5.985,ld6
0.05,SCEC,MVPI000019,1.155,ld6
0.1,SALB,MVPI000020,0.143,pd
0.1,SLU1,MVPI000021,8.8,pd
0.1,SLDR,MVPI000022,0.66,pd
0.1,SLRO,MVPI000023,82.5,pd
0.1,SLNF,MVPI000024,1,pd
0.1,SLPF,MVPI000025,1,pd
0.1,SLB,MVPI000026,9.9,ld1
0.1,SLLL,MVPI000027,0.2156,ld1
0.1,SDUL,MVPI000028,0.3916,ld1
0.1,SSAT,MVPI000029,0.5181,ld1
0.1,SRGF,MVPI000030,0.99,ld1
0.1,SSKS,MVPI000031,0.451,ld1
0.1,SBDM,MVPI000032,1.463,ld1
0.1,SLOC,MVPI000033,1.87,ld1
0.1,SLCL,MVPI000034,55,ld1
0.1,SLSI,MVPI000035,7.7,ld1
0.1,SLNI,MVPI000036,0.187,ld1
0.1,SLHW,MVPI000037,5.61,ld1
0.1,SCEC,MVPI000038,4.51,ld1
0.1,SLB,MVPI000026,39.6,ld2
0.1,SLLL,MVPI000027,0.2145,ld2
0.1,SDUL,MVPI000028,0.3927,ld2
0.1,SSAT,MVPI000029,0.55,ld2
0.1,SRGF,MVPI000030,1,ld2
0.1,SSKS,MVPI000031,0.682,ld2
0.1,SBDM,MVPI000032,1.386,ld2
0.1,SLOC,MVPI000033,1.32,ld2
0.1,SLCL,MVPI000034,57.2,ld2
0.1,SLSI,MVPI000035,9.9,ld2
0.1,SLNI,MVPI000036,0.132,ld2
0.1,SLHW,MVPI000037,5.39,ld2
0.1,SCEC,MVPI000038,3.85,ld2
0.1,SLB,MVPI000026,79.2,ld3
0.1,SLLL,MVPI000027,0.253,ld3
0.1,SDUL,MVPI000028,0.385,ld3
0.1,SSAT,MVPI000029,0.6116,ld3
0.1,SRGF,MVPI000030,0.88,ld3
0.1,SSKS,MVPI000031,1.397,ld3
0.1,SBDM,MVPI000032,1.232,ld3
0.1,SLOC,MVPI000033,0.77,ld3
0.1,SLCL,MVPI000034,60.5,ld3
0.1,SLSI,MVPI000035,12.1,ld3
0.1,SLNI,MVPI000036,0.077,ld3
0.1,SLHW,MVPI000037,5.28,ld3
0.1,SCEC,MVPI000038,1.98,ld3
0.1,SLB,MVPI000026,112.2,ld4
0.1,SLLL,MVPI000027,0.2354,ld4
0.1,SDUL,MVPI000028,0.3938,ld4
0.1,SSAT,MVPI000029,0.6534,ld4
0.1,SRGF,MVPI000030,0.55,ld4
0.1,SSKS,MVPI000031,1.727,ld4
0.1,SBDM,MVPI000032,1.122,ld4
0.1,SLOC,MVPI000033,0.55,ld4
0.1,SLCL,MVPI000034,66,ld4
0.1,SLSI,MVPI000035,8.8,ld4
0.1,SLNI,MVPI000036,0.055,ld4
0.1,SLHW,MVPI000037,5.5,ld4
0.1,SCEC,MVPI000038,1.98,ld4
0.1,SLB,MVPI000026,161.7,ld5
0.1,SLLL,MVPI000027,0.2299,ld5
0.1,SDUL,MVPI000028,0.3817,ld5
0.1,SSAT,MVPI000029,0.5005,ld5
0.1,SRGF,MVPI000030,0.22,ld5
0.1,SSKS,MVPI000031,0.418,ld5
0.1,SBDM,MVPI000032,1.54,ld5
0.1,SLOC,MVPI000033,0.33,ld5
0.1,SLCL,MVPI000034,64.9,ld5
0.1,SLSI,MVPI000035,8.8,ld5
0.1,SLNI,MVPI000036,0.033,ld5
0.1,SLHW,MVPI000037,6.27,ld5
0.1,SCEC,MVPI000038,1.98,ld5
0.1,SLB,MVPI000026,192.5,ld6
0.1,SLLL,MVPI000027,0.2299,ld6
0.1,SDUL,MVPI000028,0.3817,ld6
0.1,SSAT,MVPI000029,0.4983,ld6
0.1,SRGF,MVPI000030,0.055,ld6
0.1,SSKS,MVPI000031,0.407,ld6
0.1,SBDM,MVPI000032,1.54,ld6
0.1,SLOC,MVPI000033,0.33,ld6
0.1,SLCL,MVPI000034,63.8,ld6
0.1,SLSI,MVPI000035,9.9,ld6
0.1,SLNI,MVPI000036,0.033,ld6
0.1,SLHW,MVPI000037,6.27,ld6
0.1,SCEC,MVPI000038,1.21,ld6
0.25,SALB,MVPI000039,0.1625,pd
0.25,SLU1,MVPI000040,10,pd
0.25,SLDR,MVPI000041,0.75,pd
0.25,SLRO,MVPI000042,93.75,pd
0.25,SLNF,MVPI000043,1,pd
0.25,SLPF,MVPI000044,1,pd
0.25,SLB,MVPI000045,11.25,ld1
0.25,SLLL,MVPI000046,0.245,ld1
0.25,SDUL,MVPI000047,0.445,ld1
0.25,SSAT,MVPI000048,0.58875,ld1
0.25,SRGF,MVPI000049,1,ld1
0.25,SSKS,MVPI000050,0.5125,ld1
0.25,SBDM,MVPI000051,1.6625,ld1
0.25,SLOC,MVPI000052,2.125,ld1
0.25,SLCL,MVPI000053,62.5,ld1
0.25,SLSI,MVPI000054,8.75,ld1
0.25,SLNI,MVPI000055,0.2125,ld1
0.25,SLHW,MVPI000056,6.375,ld1
0.25,SCEC,MVPI000057,5.125,ld1
0.25,SLB,MVPI000045,45,ld2
0.25,SLLL,MVPI000046,0.24375,ld2
0.25,SDUL,MVPI000047,0.44625,ld2
0.25,SSAT,MVPI000048,0.625,ld2
0.25,SRGF,MVPI000049,1,ld2
0.25,SSKS,MVPI000050,0.775,ld2
0.25,SBDM,MVPI000051,1.575,ld2
0.25,SLOC,MVPI000052,1.5,ld2
0.25,SLCL,MVPI000053,65,ld2
0.25,SLSI,MVPI000054,11.25,ld2
0.25,SLNI,MVPI000055,0.15,ld2
0.25,SLHW,MVPI000056,6.125,ld2
0.25,SCEC,MVPI000057,4.375,ld2
0.25,SLB,MVPI000045,90,ld3
0.25,SLLL,MVPI000046,0.2875,ld3
0.25,SDUL,MVPI000047,0.4375,ld3
0.25,SSAT,MVPI000048,0.695,ld3
0.25,SRGF,MVPI000049,1,ld3
0.25,SSKS,MVPI000050,1.5875,ld3
0.25,SBDM,MVPI000051,1.4,ld3
0.25,SLOC,MVPI000052,0.875,ld3
0.25,SLCL,MVPI000053,68.75,ld3
0.25,SLSI,MVPI000054,13.75,ld3
0.25,SLNI,MVPI000055,0.0875,ld3
0.25,SLHW,MVPI000056,6,ld3
0.25,SCEC,MVPI000057,2.25,ld3
0.25,SLB,MVPI000045,127.5,ld4
0.25,SLLL,MVPI000046,0.2675,ld4
0.25,SDUL,MVPI000047,0.4475,ld4
0.25,SSAT,MVPI000048,0.7425,ld4
0.25,SRGF,MVPI000049,0.625,ld4
0.25,SSKS,MVPI000050,1.9625,ld4
0.25,SBDM,MVPI000051,1.275,ld4
0.25,SLOC,MVPI000052,0.625,ld4
0.25,SLCL,MVPI000053,75,ld4
0.25,SLSI,MVPI000054,10,ld4
0.25,SLNI,MVPI000055,0.0625,ld4
0.25,SLHW,MVPI000056,6.25,ld4
0.25,SCEC,MVPI000057,2.25,ld4
0.25,SLB,MVPI000045,183.75,ld5
0.25,SLLL,MVPI000046,0.26125,ld5
0.25,SDUL,MVPI000047,0.43375,ld5
0.25,SSAT,MVPI000048,0.56875,ld5
0.25,SRGF,MVPI000049,0.25,ld5
0.25,SSKS,MVPI000050,0.475,ld5
0.25,SBDM,MVPI000051,1.75,ld5
0.25,SLOC,MVPI000052,0.375,ld5
0.25,SLCL,MVPI000053,73.75,ld5
0.25,SLSI,MVPI000054,10,ld5
0.25,SLNI,MVPI000055,0.0375,ld5
0.25,SLHW,MVPI000056,7.125,ld5
0.25,SCEC,MVPI000057,2.25,ld5
0.25,SLB,MVPI000045,218.75,ld6
0.25,SLLL,MVPI000046,0.26125,ld6
0.25,SDUL,MVPI000047,0.43375,ld6
0.25,SSAT,MVPI000048,0.56625,ld6
0.25,SRGF,MVPI000049,0.0625,ld6
0.25,SSKS,MVPI000050,0.4625,ld6
0.25,SBDM,MVPI000051,1.75,ld6
0.25,SLOC,MVPI000052,0.375,ld6
0.25,SLCL,MVPI000053,72.5,ld6
0.25,SLSI,MVPI000054,11.25,ld6
0.25,SLNI,MVPI000055,0.0375,ld6
0.25,SLHW,MVPI000056,7.125,ld6
0.25,SCEC,MVPI000057,1.375,ld6
0.5,SALB,MVPI000058,0.195,pd
0.5,SLU1,MVPI000059,12,pd
0.5,SLDR,MVPI000060,0.9,pd
0.5,SLRO,MVPI000061,99.9,pd
0.5,SLNF,MVPI000062,1,pd
0.5,SLPF,MVPI000063,1,pd
0.5,SLB,MVPI000064,13.5,ld1
0.5,SLLL,MVPI000065,0.294,ld1
0.5,SDUL,MVPI000066,0.47,ld1
0.5,SSAT,MVPI000067,0.7065,ld1
0.5,SRGF,MVPI000068,1,ld1
0.5,SSKS,MVPI000069,0.615,ld1
0.5,SBDM,MVPI000070,1.995,ld1
0.5,SLOC,MVPI000071,2.55,ld1
0.5,SLCL,MVPI000072,75,ld1
0.5,SLSI,MVPI000073,10.5,ld1
0.5,SLNI,MVPI000074,0.255,ld1
0.5,SLHW,MVPI000075,7.65,ld1
0.5,SCEC,MVPI000076,6.15,ld1
0.5,SLB,MVPI000064,54,ld2
0.5,SLLL,MVPI000065,0.2925,ld2
0.5,SDUL,MVPI000066,0.499,ld2
0.5,SSAT,MVPI000067,0.75,ld2
0.5,SRGF,MVPI000068,1,ld2
0.5,SSKS,MVPI000069,0.93,ld2
0.5,SBDM,MVPI000070,1.89,ld2
0.5,SLOC,MVPI000071,1.8,ld2
0.5,SLCL,MVPI000072,78,ld2
0.5,SLSI,MVPI000073,13.5,ld2
0.5,SLNI,MVPI000074,0.18,ld2
0.5,SLHW,MVPI000075,7.35,ld2
0.5,SCEC,MVPI000076,5.25,ld2
0.5,SLB,MVPI000064,108,ld3
0.5,SLLL,MVPI000065,0.345,ld3
0.5,SDUL,MVPI000066,0.525,ld3
0.5,SSAT,MVPI000067,0.834,ld3
0.5,SRGF,MVPI000068,1,ld3
0.5,SSKS,MVPI000069,1.905,ld3
0.5,SBDM,MVPI000070,1.68,ld3
0.5,SLOC,MVPI000071,1.05,ld3
0.5,SLCL,MVPI000072,82.5,ld3
0.5,SLSI,MVPI000073,16.5,ld3
0.5,SLNI,MVPI000074,0.105,ld3
0.5,SLHW,MVPI000075,7.2,ld3
0.5,SCEC,MVPI000076,2.7,ld3
0.5,SLB,MVPI000064,153,ld4
0.5,SLLL,MVPI000065,0.321,ld4
0.5,SDUL,MVPI000066,0.537,ld4
0.5,SSAT,MVPI000067,0.891,ld4
0.5,SRGF,MVPI000068,0.75,ld4
0.5,SSKS,MVPI000069,2.355,ld4
0.5,SBDM,MVPI000070,1.53,ld4
0.5,SLOC,MVPI000071,0.75,ld4
0.5,SLCL,MVPI000072,90,ld4
0.5,SLSI,MVPI000073,12,ld4
0.5,SLNI,MVPI000074,0.075,ld4
0.5,SLHW,MVPI000075,7.5,ld4
0.5,SCEC,MVPI000076,2.7,ld4
0.5,SLB,MVPI000064,220.5,ld5
0.5,SLLL,MVPI000065,0.3135,ld5
0.5,SDUL,MVPI000066,0.454,ld5
0.5,SSAT,MVPI000067,0.6825,ld5
0.5,SRGF,MVPI000068,0.3,ld5
0.5,SSKS,MVPI000069,0.57,ld5
0.5,SBDM,MVPI000070,2.1,ld5
0.5,SLOC,MVPI000071,0.45,ld5
0.5,SLCL,MVPI000072,88.5,ld5
0.5,SLSI,MVPI000073,12,ld5
0.5,SLNI,MVPI000074,0.045,ld5
0.5,SLHW,MVPI000075,8.55,ld5
0.5,SCEC,MVPI000076,2.7,ld5
0.5,SLB,MVPI000064,262.5,ld6
0.5,SLLL,MVPI000065,0.3135,ld6
0.5,SDUL,MVPI000066,0.452,ld6
0.5,SSAT,MVPI000067,0.6795,ld6
0.5,SRGF,MVPI000068,0.075,ld6
0.5,SSKS,MVPI000069,0.555,ld6
0.5,SBDM,MVPI000070,2.1,ld6
0.5,SLOC,MVPI000071,0.45,ld6
0.5,SLCL,MVPI000072,87,ld6
0.5,SLSI,MVPI000073,13.5,ld6
0.5,SLNI,MVPI000074,0.045,ld6
0.5,SLHW,MVPI000075,8.55,ld6
0.5,SCEC,MVPI000076,1.65,ld6
0.75,SALB,MVPI000077,0.2275,pd
0.75,SLU1,MVPI000078,14,pd
0.75,SLDR,MVPI000079,1,pd
0.75,SLRO,MVPI000080,99.9,pd
0.75,SLNF,MVPI000081,1,pd
0.75,SLPF,MVPI000082,1,pd
0.75,SLB,MVPI000083,15.75,ld1
0.75,SLLL,MVPI000084,0.343,ld1
0.75,SDUL,MVPI000085,0.47,ld1
0.75,SSAT,MVPI000086,0.82425,ld1
0.75,SRGF,MVPI000087,1,ld1
0.75,SSKS,MVPI000088,0.7175,ld1
0.75,SBDM,MVPI000089,2.3275,ld1
0.75,SLOC,MVPI000090,2.975,ld1
0.75,SLCL,MVPI000091,87.5,ld1
0.75,SLSI,MVPI000092,12.25,ld1
0.75,SLNI,MVPI000093,0.2975,ld1
0.75,SLHW,MVPI000094,8.925,ld1
0.75,SCEC,MVPI000095,7.175,ld1
0.75,SLB,MVPI000083,63,ld2
0.75,SLLL,MVPI000084,0.34125,ld2
0.75,SDUL,MVPI000085,0.499,ld2
0.75,SSAT,MVPI000086,0.875,ld2
0.75,SRGF,MVPI000087,1,ld2
0.75,SSKS,MVPI000088,1.085,ld2
0.75,SBDM,MVPI000089,2.205,ld2
0.75,SLOC,MVPI000090,2.1,ld2
0.75,SLCL,MVPI000091,91,ld2
0.75,SLSI,MVPI000092,15.75,ld2
0.75,SLNI,MVPI000093,0.21,ld2
0.75,SLHW,MVPI000094,8.575,ld2
0.75,SCEC,MVPI000095,6.125,ld2
0.75,SLB,MVPI000083,126,ld3
0.75,SLLL,MVPI000084,0.349,ld3
0.75,SDUL,MVPI000085,0.555,ld3
0.75,SSAT,MVPI000086,0.973,ld3
0.75,SRGF,MVPI000087,1,ld3
0.75,SSKS,MVPI000088,2.2225,ld3
0.75,SBDM,MVPI000089,1.96,ld3
0.75,SLOC,MVPI000090,1.225,ld3
0.75,SLCL,MVPI000091,96.25,ld3
0.75,SLSI,MVPI000092,19.25,ld3
0.75,SLNI,MVPI000093,0.1225,ld3
0.75,SLHW,MVPI000094,8.4,ld3
0.75,SCEC,MVPI000095,3.15,ld3
0.75,SLB,MVPI000083,178.5,ld4
0.75,SLLL,MVPI000084,0.357,ld4
0.75,SDUL,MVPI000085,0.593,ld4
0.75,SSAT,MVPI000086,1,ld4
0.75,SRGF,MVPI000087,0.875,ld4
0.75,SSKS,MVPI000088,2.7475,ld4
0.75,SBDM,MVPI000089,1.785,ld4
0.75,SLOC,MVPI000090,0.875,ld4
0.75,SLCL,MVPI000091,100,ld4
0.75,SLSI,MVPI000092,14,ld4
0.75,SLNI,MVPI000093,0.0875,ld4
0.75,SLHW,MVPI000094,8.75,ld4
0.75,SCEC,MVPI000095,3.15,ld4
0.75,SLB,MVPI000083,257.25,ld5
0.75,SLLL,MVPI000084,0.346,ld5
0.75,SDUL,MVPI000085,0.454,ld5
0.75,SSAT,MVPI000086,0.79625,ld5
0.75,SRGF,MVPI000087,0.35,ld5
0.75,SSKS,MVPI000088,0.665,ld5
0.75,SBDM,MVPI000089,2.45,ld5
0.75,SLOC,MVPI000090,0.525,ld5
0.75,SLCL,MVPI000091,100,ld5
0.75,SLSI,MVPI000092,14,ld5
0.75,SLNI,MVPI000093,0.0525,ld5
0.75,SLHW,MVPI000094,9.975,ld5
0.75,SCEC,MVPI000095,3.15,ld5
0.75,SLB,MVPI000083,306.25,ld6
0.75,SLLL,MVPI000084,0.346,ld6
0.75,SDUL,MVPI000085,0.452,ld6
0.75,SSAT,MVPI000086,0.79275,ld6
0.75,SRGF,MVPI000087,0.0875,ld6
0.75,SSKS,MVPI000088,0.6475,ld6
0.75,SBDM,MVPI000089,2.45,ld6
0.75,SLOC,MVPI000090,0.525,ld6
0.75,SLCL,MVPI000091,100,ld6
0.75,SLSI,MVPI000092,15.75,ld6
0.75,SLNI,MVPI000093,0.0525,ld6
0.75,SLHW,MVPI000094,9.975,ld6
0.75,SCEC,MVPI000095,1.925,ld6
-0.05,SALB,MVNI000001,0.1235,pd
-0.05,SLU1,MVNI000002,7.6,pd
-0.05,SLDR,MVNI000003,0.57,pd
-0.05,SLRO,MVNI000004,71.25,pd
-0.05,SLNF,MVNI000005,0.95,pd
-0.05,SLPF,MVNI000006,0.95,pd
-0.05,SLB,MVNI000007,8.55,ld1
-0.05,SLLL,MVNI000008,0.1862,ld1
-0.05,SDUL,MVNI000009,0.3382,ld1
-0.05,SSAT,MVNI000010,0.44745,ld1
-0.05,SRGF,MVNI000011,0.855,ld1
-0.05,SSKS,MVNI000012,0.3895,ld1
-0.05,SBDM,MVNI000013,1.2635,ld1
-0.05,SLOC,MVNI000014,1.615,ld1
-0.05,SLCL,MVNI000015,47.5,ld1
-0.05,SLSI,MVNI000016,6.65,ld1
-0.05,SLNI,MVNI000017,0.1615,ld1
-0.05,SLHW,MVNI000018,4.845,ld1
-0.05,SCEC,MVNI000019,3.895,ld1
-0.05,SLB,MVNI000007,34.2,ld2
-0.05,SLLL,MVNI000008,0.18525,ld2
-0.05,SDUL,MVNI000009,0.33915,ld2
-0.05,SSAT,MVNI000010,0.475,ld2
-0.05,SRGF,MVNI000011,0.95,ld2
-0.05,SSKS,MVNI000012,0.589,ld2
-0.05,SBDM,MVNI000013,1.197,ld2
-0.05,SLOC,MVNI000014,1.14,ld2
-0.05,SLCL,MVNI000015,49.4,ld2
-0.05,SLSI,MVNI000016,8.55,ld2
-0.05,SLNI,MVNI000017,0.114,ld2
-0.05,SLHW,MVNI000018,4.655,ld2
-0.05,SCEC,MVNI000019,3.325,ld2
-0.05,SLB,MVNI000007,68.4,ld3
-0.05,SLLL,MVNI000008,0.2185,ld3
-0.05,SDUL,MVNI000009,0.3325,ld3
-0.05,SSAT,MVNI000010,0.5282,ld3
-0.05,SRGF,MVNI000011,0.76,ld3
-0.05,SSKS,MVNI000012,1.2065,ld3
-0.05,SBDM,MVNI000013,1.064,ld3
-0.05,SLOC,MVNI000014,0.665,ld3
-0.05,SLCL,MVNI000015,52.25,ld3
-0.05,SLSI,MVNI000016,10.45,ld3
-0.05,SLNI,MVNI000017,0.0665,ld3
-0.05,SLHW,MVNI000018,4.56,ld3
-0.05,SCEC,MVNI000019,1.71,ld3
-0.05,SLB,MVNI000007,96.9,ld4
-0.05,SLLL,MVNI000008,0.2033,ld4
-0.05,SDUL,MVNI000009,0.3401,ld4
-0.05,SSAT,MVNI000010,0.5643,ld4
-0.05,SRGF,MVNI000011,0.475,ld4
-0.05,SSKS,MVNI000012,1.4915,ld4
-0.05,SBDM,MVNI000013,0.969,ld4
-0.05,SLOC,MVNI000014,0.475,ld4
-0.05,SLCL,MVNI000015,57,ld4
-0.05,SLSI,MVNI000016,7.6,ld4
-0.05,SLNI,MVNI000017,0.0475,ld4
-0.05,SLHW,MVNI000018,4.75,ld4
-0.05,SCEC,MVNI000019,1.71,ld4
-0.05,SLB,MVNI000007,139.65,ld5
-0.05,SLLL,MVNI000008,0.19855,ld5
-0.05,SDUL,MVNI000009,0.32965,ld5
-0.05,SSAT,MVNI000010,0.43225,ld5
-0.05,SRGF,MVNI000011,0.19,ld5
-0.05,SSKS,MVNI000012,0.361,ld5
-0.05,SBDM,MVNI000013,1.33,ld5
-0.05,SLOC,MVNI000014,0.285,ld5
-0.05,SLCL,MVNI000015,56.05,ld5
-0.05,SLSI,MVNI000016,7.6,ld5
-0.05,SLNI,MVNI000017,0.0285,ld5
-0.05,SLHW,MVNI000018,5.415,ld5
-0.05,SCEC,MVNI000019,1.71,ld5
-0.05,SLB,MVNI000007,166.25,ld6
-0.05,SLLL,MVNI000008,0.19855,ld6
-0.05,SDUL,MVNI000009,0.32965,ld6
-0.05,SSAT,MVNI000010,0.43035,ld6
-0.05,SRGF,MVNI000011,0.0475,ld6
-0.05,SSKS,MVNI000012,0.3515,ld6
-0.05,SBDM,MVNI000013,1.33,ld6
-0.05,SLOC,MVNI000014,0.285,ld6
-0.05,SLCL,MVNI000015,55.1,ld6
-0.05,SLSI,MVNI000016,8.55,ld6
-0.05,SLNI,MVNI000017,0.0285,ld6
-0.05,SLHW,MVNI000018,5.415,ld6
-0.05,SCEC,MVNI000019,1.045,ld6
-0.1,SALB,MVNI000020,0.117,pd
-0.1,SLU1,MVNI000021,7.2,pd
-0.1,SLDR,MVNI000022,0.54,pd
-0.1,SLRO,MVNI000023,67.5,pd
-0.1,SLNF,MVNI000024,0.9,pd
-0.1,SLPF,MVNI000025,0.9,pd
-0.1,SLB,MVNI000026,8.1,ld1
-0.1,SLLL,MVNI000027,0.1764,ld1
-0.1,SDUL,MVNI000028,0.3204,ld1
-0.1,SSAT,MVNI000029,0.4239,ld1
-0.1,SRGF,MVNI000030,0.81,ld1
-0.1,SSKS,MVNI000031,0.369,ld1
-0.1,SBDM,MVNI000032,1.197,ld1
-0.1,SLOC,MVNI000033,1.53,ld1
-0.1,SLCL,MVNI000034,45,ld1
-0.1,SLSI,MVNI000035,6.3,ld1
-0.1,SLNI,MVNI000036,0.153,ld1
-0.1,SLHW,MVNI000037,4.59,ld1
-0.1,SCEC,MVNI000038,3.69,ld1
-0.1,SLB,MVNI000026,32.4,ld2
-0.1,SLLL,MVNI000027,0.1755,ld2
-0.1,SDUL,MVNI000028,0.3213,ld2
-0.1,SSAT,MVNI000029,0.45,ld2
-0.1,SRGF,MVNI000030,0.9,ld2
-0.1,SSKS,MVNI000031,0.558,ld2
-0.1,SBDM,MVNI000032,1.134,ld2
-0.1,SLOC,MVNI000033,1.08,ld2
-0.1,SLCL,MVNI000034,46.8,ld2
-0.1,SLSI,MVNI000035,8.1,ld2
-0.1,SLNI,MVNI000036,0.108,ld2
-0.1,SLHW,MVNI000037,4.41,ld2
-0.1,SCEC,MVNI000038,3.15,ld2
-0.1,SLB,MVNI000026,64.8,ld3
-0.1,SLLL,MVNI000027,0.207,ld3
-0.1,SDUL,MVNI000028,0.315,ld3
-0.1,SSAT,MVNI000029,0.5004,ld3
-0.1,SRGF,MVNI000030,0.72,ld3
-0.1,SSKS,MVNI000031,1.143,ld3
-0.1,SBDM,MVNI000032,1.008,ld3
-0.1,SLOC,MVNI000033,0.63,ld3
-0.1,SLCL,MVNI000034,49.5,ld3
-0.1,SLSI,MVNI000035,9.9,ld3
-0.1,SLNI,MVNI000036,0.063,ld3
-0.1,SLHW,MVNI000037,4.32,ld3
-0.1,SCEC,MVNI000038,1.62,ld3
-0.1,SLB,MVNI000026,91.8,ld4
-0.1,SLLL,MVNI000027,0.1926,ld4
-0.1,SDUL,MVNI000028,0.3222,ld4
-0.1,SSAT,MVNI000029,0.5346,ld4
-0.1,SRGF,MVNI000030,0.45,ld4
-0.1,SSKS,MVNI000031,1.413,ld4
-0.1,SBDM,MVNI000032,0.918,ld4
-0.1,SLOC,MVNI000033,0.45,ld4
-0.1,SLCL,MVNI000034,54,ld4
-0.1,SLSI,MVNI000035,7.2,ld4
-0.1,SLNI,MVNI000036,0.045,ld4
-0.1,SLHW,MVNI000037,4.5,ld4
-0.1,SCEC,MVNI000038,1.62,ld4
-0.1,SLB,MVNI000026,132.3,ld5
-0.1,SLLL,MVNI000027,0.1881,ld5
-0.1,SDUL,MVNI000028,0.3123,ld5
-0.1,SSAT,MVNI000029,0.4095,ld5
-0.1,SRGF,MVNI000030,0.18,ld5
-0.1,SSKS,MVNI000031,0.342,ld5
-0.1,SBDM,MVNI000032,1.26,ld5
-0.1,SLOC,MVNI000033,0.27,ld5
-0.1,SLCL,MVNI000034,53.1,ld5
-0.1,SLSI,MVNI000035,7.2,ld5
-0.1,SLNI,MVNI000036,0.027,ld5
-0.1,SLHW,MVNI000037,5.13,ld5
-0.1,SCEC,MVNI000038,1.62,ld5
-0.1,SLB,MVNI000026,157.5,ld6
-0.1,SLLL,MVNI000027,0.1881,ld6
-0.1,SDUL,MVNI000028,0.3123,ld6
-0.1,SSAT,MVNI000029,0.4077,ld6
-0.1,SRGF,MVNI000030,0.045,ld6
-0.1,SSKS,MVNI000031,0.333,ld6
-0.1,SBDM,MVNI000032,1.26,ld6
-0.1,SLOC,MVNI000033,0.27,ld6
-0.1,SLCL,MVNI000034,52.2,ld6
-0.1,SLSI,MVNI000035,8.1,ld6
-0.1,SLNI,MVNI000036,0.027,ld6
-0.1,SLHW,MVNI000037,5.13,ld6
-0.1,SCEC,MVNI000038,0.99,ld6
-0.25,SALB,MVNI000039,0.0975,pd
-0.25,SLU1,MVNI000040,6,pd
-0.25,SLDR,MVNI000041,0.45,pd
-0.25,SLRO,MVNI000042,56.25,pd
-0.25,SLNF,MVNI000043,0.75,pd
-0.25,SLPF,MVNI000044,0.75,pd
-0.25,SLB,MVNI000045,6.75,ld1
-0.25,SLLL,MVNI000046,0.147,ld1
-0.25,SDUL,MVNI000047,0.267,ld1
-0.25,SSAT,MVNI000048,0.357,ld1
-0.25,SRGF,MVNI000049,0.675,ld1
-0.25,SSKS,MVNI000050,0.3075,ld1
-0.25,SBDM,MVNI000051,0.9975,ld1
-0.25,SLOC,MVNI000052,1.275,ld1
-0.25,SLCL,MVNI000053,37.5,ld1
-0.25,SLSI,MVNI000054,5.25,ld1
-0.25,SLNI,MVNI000055,0.1275,ld1
-0.25,SLHW,MVNI000056,3.825,ld1
-0.25,SCEC,MVNI000057,3.075,ld1
-0.25,SLB,MVNI000045,27,ld2
-0.25,SLLL,MVNI000046,0.14625,ld2
-0.25,SDUL,MVNI000047,0.26775,ld2
-0.25,SSAT,MVNI000048,0.375,ld2
-0.25,SRGF,MVNI000049,0.75,ld2
-0.25,SSKS,MVNI000050,0.465,ld2
-0.25,SBDM,MVNI000051,0.945,ld2
-0.25,SLOC,MVNI000052,0.9,ld2
-0.25,SLCL,MVNI000053,39,ld2
-0.25,SLSI,MVNI000054,6.75,ld2
-0.25,SLNI,MVNI000055,0.09,ld2
-0.25,SLHW,MVNI000056,3.675,ld2
-0.25,SCEC,MVNI000057,2.625,ld2
-0.25,SLB,MVNI000045,54,ld3
-0.25,SLLL,MVNI000046,0.1725,ld3
-0.25,SDUL,MVNI000047,0.2625,ld3
-0.25,SSAT,MVNI000048,0.417,ld3
-0.25,SRGF,MVNI000049,0.6,ld3
-0.25,SSKS,MVNI000050,0.9525,ld3
-0.25,SBDM,MVNI000051,0.84,ld3
-0.25,SLOC,MVNI000052,0.525,ld3
-0.25,SLCL,MVNI000053,41.25,ld3
-0.25,SLSI,MVNI000054,8.25,ld3
-0.25,SLNI,MVNI000055,0.0525,ld3
-0.25,SLHW,MVNI000056,3.6,ld3
-0.25,SCEC,MVNI000057,1.35,ld3
-0.25,SLB,MVNI000045,76.5,ld4
-0.25,SLLL,MVNI000046,0.1605,ld4
-0.25,SDUL,MVNI000047,0.2685,ld4
-0.25,SSAT,MVNI000048,0.4455,ld4
-0.25,SRGF,MVNI000049,0.375,ld4
-0.25,SSKS,MVNI000050,1.1775,ld4
-0.25,SBDM,MVNI000051,0.765,ld4
-0.25,SLOC,MVNI000052,0.375,ld4
-0.25,SLCL,MVNI000053,45,ld4
-0.25,SLSI,MVNI000054,6,ld4
-0.25,SLNI,MVNI000055,0.0375,ld4
-0.25,SLHW,MVNI000056,3.75,ld4
-0.25,SCEC,MVNI000057,1.35,ld4
-0.25,SLB,MVNI000045,110.25,ld5
-0.25,SLLL,MVNI000046,0.15675,ld5
-0.25,SDUL,MVNI000047,0.26025,ld5
-0.25,SSAT,MVNI000048,0.348,ld5
-0.25,SRGF,MVNI000049,0.15,ld5
-0.25,SSKS,MVNI000050,0.285,ld5
-0.25,SBDM,MVNI000051,1.05,ld5
-0.25,SLOC,MVNI000052,0.225,ld5
-0.25,SLCL,MVNI000053,44.25,ld5
-0.25,SLSI,MVNI000054,6,ld5
-0.25,SLNI,MVNI000055,0.0225,ld5
-0.25,SLHW,MVNI000056,4.275,ld5
-0.25,SCEC,MVNI000057,1.35,ld5
-0.25,SLB,MVNI000045,131.25,ld6
-0.25,SLLL,MVNI000046,0.15675,ld6
-0.25,SDUL,MVNI000047,0.26025,ld6
-0.25,SSAT,MVNI000048,0.348,ld6
-0.25,SRGF,MVNI000049,0.0375,ld6
-0.25,SSKS,MVNI000050,0.2775,ld6
-0.25,SBDM,MVNI000051,1.05,ld6
-0.25,SLOC,MVNI000052,0.225,ld6
-0.25,SLCL,MVNI000053,43.5,ld6
-0.25,SLSI,MVNI000054,6.75,ld6
-0.25,SLNI,MVNI000055,0.0225,ld6
-0.25,SLHW,MVNI000056,4.275,ld6
-0.25,SCEC,MVNI000057,0.825,ld6
-0.5,SALB,MVNI000058,0.065,pd
-0.5,SLU1,MVNI000059,4,pd
-0.5,SLDR,MVNI000060,0.3,pd
-0.5,SLRO,MVNI000061,37.5,pd
-0.5,SLNF,MVNI000062,0.5,pd
-0.5,SLPF,MVNI000063,0.5,pd
-0.5,SLB,MVNI000064,4.5,ld1
-0.5,SLLL,MVNI000065,0.098,ld1
-0.5,SDUL,MVNI000066,0.197,ld1
-0.5,SSAT,MVNI000067,0.357,ld1
-0.5,SRGF,MVNI000068,0.45,ld1
-0.5,SSKS,MVNI000069,0.205,ld1
-0.5,SBDM,MVNI000070,0.665,ld1
-0.5,SLOC,MVNI000071,0.85,ld1
-0.5,SLCL,MVNI000072,25,ld1
-0.5,SLSI,MVNI000073,3.5,ld1
-0.5,SLNI,MVNI000074,0.085,ld1
-0.5,SLHW,MVNI000075,2.55,ld1
-0.5,SCEC,MVNI000076,2.05,ld1
-0.5,SLB,MVNI000064,18,ld2
-0.5,SLLL,MVNI000065,0.0975,ld2
-0.5,SDUL,MVNI000066,0.196,ld2
-0.5,SSAT,MVNI000067,0.358,ld2
-0.5,SRGF,MVNI000068,0.5,ld2
-0.5,SSKS,MVNI000069,0.31,ld2
-0.5,SBDM,MVNI000070,0.63,ld2
-0.5,SLOC,MVNI000071,0.6,ld2
-0.5,SLCL,MVNI000072,26,ld2
-0.5,SLSI,MVNI000073,4.5,ld2
-0.5,SLNI,MVNI000074,0.06,ld2
-0.5,SLHW,MVNI000075,2.45,ld2
-0.5,SCEC,MVNI000076,1.75,ld2
-0.5,SLB,MVNI000064,36,ld3
-0.5,SLLL,MVNI000065,0.115,ld3
-0.5,SDUL,MVNI000066,0.231,ld3
-0.5,SSAT,MVNI000067,0.351,ld3
-0.5,SRGF,MVNI000068,0.4,ld3
-0.5,SSKS,MVNI000069,0.635,ld3
-0.5,SBDM,MVNI000070,0.56,ld3
-0.5,SLOC,MVNI000071,0.35,ld3
-0.5,SLCL,MVNI000072,27.5,ld3
-0.5,SLSI,MVNI000073,5.5,ld3
-0.5,SLNI,MVNI000074,0.035,ld3
-0.5,SLHW,MVNI000075,2.4,ld3
-0.5,SCEC,MVNI000076,0.9,ld3
-0.5,SLB,MVNI000064,51,ld4
-0.5,SLLL,MVNI000065,0.107,ld4
-0.5,SDUL,MVNI000066,0.215,ld4
-0.5,SSAT,MVNI000067,0.359,ld4
-0.5,SRGF,MVNI000068,0.25,ld4
-0.5,SSKS,MVNI000069,0.785,ld4
-0.5,SBDM,MVNI000070,0.51,ld4
-0.5,SLOC,MVNI000071,0.25,ld4
-0.5,SLCL,MVNI000072,30,ld4
-0.5,SLSI,MVNI000073,4,ld4
-0.5,SLNI,MVNI000074,0.025,ld4
-0.5,SLHW,MVNI000075,2.5,ld4
-0.5,SCEC,MVNI000076,0.9,ld4
-0.5,SLB,MVNI000064,73.5,ld5
-0.5,SLLL,MVNI000065,0.1045,ld5
-0.5,SDUL,MVNI000066,0.21,ld5
-0.5,SSAT,MVNI000067,0.348,ld5
-0.5,SRGF,MVNI000068,0.1,ld5
-0.5,SSKS,MVNI000069,0.19,ld5
-0.5,SBDM,MVNI000070,0.7,ld5
-0.5,SLOC,MVNI000071,0.15,ld5
-0.5,SLCL,MVNI000072,29.5,ld5
-0.5,SLSI,MVNI000073,4,ld5
-0.5,SLNI,MVNI000074,0.015,ld5
-0.5,SLHW,MVNI000075,2.85,ld5
-0.5,SCEC,MVNI000076,0.9,ld5
-0.5,SLB,MVNI000064,87.5,ld6
-0.5,SLLL,MVNI000065,0.1045,ld6
-0.5,SDUL,MVNI000066,0.21,ld6
-0.5,SSAT,MVNI000067,0.348,ld6
-0.5,SRGF,MVNI000068,0.025,ld6
-0.5,SSKS,MVNI000069,0.185,ld6
-0.5,SBDM,MVNI000070,0.7,ld6
-0.5,SLOC,MVNI000071,0.15,ld6
-0.5,SLCL,MVNI000072,29,ld6
-0.5,SLSI,MVNI000073,4.5,ld6
-0.5,SLNI,MVNI000074,0.015,ld6
-0.5,SLHW,MVNI000075,2.85,ld6
-0.5,SCEC,MVNI000076,0.55,ld6
-0.75,SALB,MVNI000077,0.0325,pd
-0.75,SLU1,MVNI000078,2,pd
-0.75,SLDR,MVNI000079,0.15,pd
-0.75,SLRO,MVNI000080,18.75,pd
-0.75,SLNF,MVNI000081,0.25,pd
-0.75,SLPF,MVNI000082,0.25,pd
-0.75,SLB,MVNI000083,2.25,ld1
-0.75,SLLL,MVNI000084,0.049,ld1
-0.75,SDUL,MVNI000085,0.197,ld1
-0.75,SSAT,MVNI000086,0.357,ld1
-0.75,SRGF,MVNI000087,0.225,ld1
-0.75,SSKS,MVNI000088,0.1025,ld1
-0.75,SBDM,MVNI000089,0.3325,ld1
-0.75,SLOC,MVNI000090,0.425,ld1
-0.75,SLCL,MVNI000091,12.5,ld1
-0.75,SLSI,MVNI000092,1.75,ld1
-0.75,SLNI,MVNI000093,0.0425,ld1
-0.75,SLHW,MVNI000094,1.275,ld1
-0.75,SCEC,MVNI000095,1.025,ld1
-0.75,SLB,MVNI000083,9,ld2
-0.75,SLLL,MVNI000084,0.04875,ld2
-0.75,SDUL,MVNI000085,0.196,ld2
-0.75,SSAT,MVNI000086,0.358,ld2
-0.75,SRGF,MVNI000087,0.25,ld2
-0.75,SSKS,MVNI000088,0.155,ld2
-0.75,SBDM,MVNI000089,0.315,ld2
-0.75,SLOC,MVNI000090,0.3,ld2
-0.75,SLCL,MVNI000091,13,ld2
-0.75,SLSI,MVNI000092,2.25,ld2
-0.75,SLNI,MVNI000093,0.03,ld2
-0.75,SLHW,MVNI000094,1.225,ld2
-0.75,SCEC,MVNI000095,0.875,ld2
-0.75,SLB,MVNI000083,18,ld3
-0.75,SLLL,MVNI000084,0.0575,ld3
-0.75,SDUL,MVNI000085,0.231,ld3
-0.75,SSAT,MVNI000086,0.351,ld3
-0.75,SRGF,MVNI000087,0.2,ld3
-0.75,SSKS,MVNI000088,0.3175,ld3
-0.75,SBDM,MVNI000089,0.28,ld3
-0.75,SLOC,MVNI000090,0.175,ld3
-0.75,SLCL,MVNI000091,13.75,ld3
-0.75,SLSI,MVNI000092,2.75,ld3
-0.75,SLNI,MVNI000093,0.0175,ld3
-0.75,SLHW,MVNI000094,1.2,ld3
-0.75,SCEC,MVNI000095,0.45,ld3
-0.75,SLB,MVNI000083,25.5,ld4
-0.75,SLLL,MVNI000084,0.0535,ld4
-0.75,SDUL,MVNI000085,0.215,ld4
-0.75,SSAT,MVNI000086,0.359,ld4
-0.75,SRGF,MVNI000087,0.125,ld4
-0.75,SSKS,MVNI000088,0.3925,ld4
-0.75,SBDM,MVNI000089,0.255,ld4
-0.75,SLOC,MVNI000090,0.125,ld4
-0.75,SLCL,MVNI000091,15,ld4
-0.75,SLSI,MVNI000092,2,ld4
-0.75,SLNI,MVNI000093,0.0125,ld4
-0.75,SLHW,MVNI000094,1.25,ld4
-0.75,SCEC,MVNI000095,0.45,ld4
-0.75,SLB,MVNI000083,36.75,ld5
-0.75,SLLL,MVNI000084,0.05225,ld5
-0.75,SDUL,MVNI000085,0.21,ld5
-0.75,SSAT,MVNI000086,0.348,ld5
-0.75,SRGF,MVNI000087,0.05,ld5
-0.75,SSKS,MVNI000088,0.095,ld5
-0.75,SBDM,MVNI000089,0.35,ld5
-0.75,SLOC,MVNI000090,0.075,ld5
-0.75,SLCL,MVNI000091,14.75,ld5
-0.75,SLSI,MVNI000092,2,ld5
-0.75,SLNI,MVNI000093,0.0075,ld5
-0.75,SLHW,MVNI000094,1.425,ld5
-0.75,SCEC,MVNI000095,0.45,ld5
-0.75,SLB,MVNI000083,43.75,ld6
-0.75,SLLL,MVNI000084,0.05225,ld6
-0.75,SDUL,MVNI000085,0.21,ld6
-0.75,SSAT,MVNI000086,0.348,ld6
-0.75,SRGF,MVNI000087,0.0125,ld6
-0.75,SSKS,MVNI000088,0.0925,ld6
-0.75,SBDM,MVNI000089,0.35,ld6
-0.75,SLOC,MVNI000090,0.075,ld6
-0.75,SLCL,MVNI000091,14.5,ld6
-0.75,SLSI,MVNI000092,2.25,ld6
-0.75,SLNI,MVNI000093,0.0075,ld6
-0.75,SLHW,MVNI000094,1.425,ld6
-0.75,SCEC,MVNI000095,0.275,ld6
0,SALB,MVBL000001,0.13,pd
0,SLU1,MVBL000001,8,pd
0,SLDR,MVBL000001,0.6,pd
0,SLRO,MVBL000001,75,pd
0,SLNF,MVBL000001,1,pd
0,SLPF,MVBL000001,1,pd
0,SLB,MVBL000001,9,ld1
0,SLLL,MVBL000001,0.196,ld1
0,SDUL,MVBL000001,0.356,ld1
0,SSAT,MVBL000001,0.471,ld1
0,SRGF,MVBL000001,0.9,ld1
0,SSKS,MVBL000001,0.41,ld1
0,SBDM,MVBL000001,1.33,ld1
0,SLOC,MVBL000001,1.7,ld1
0,SLCL,MVBL000001,50,ld1
0,SLSI,MVBL000001,7,ld1
0,SLNI,MVBL000001,0.17,ld1
0,SLHW,MVBL000001,5.1,ld1
0,SCEC,MVBL000001,4.1,ld1
0,SLB,MVBL000001,36,ld2
0,SLLL,MVBL000001,0.195,ld2
0,SDUL,MVBL000001,0.357,ld2
0,SSAT,MVBL000001,0.5,ld2
0,SRGF,MVBL000001,1,ld2
0,SSKS,MVBL000001,0.62,ld2
0,SBDM,MVBL000001,1.26,ld2
0,SLOC,MVBL000001,1.2,ld2
0,SLCL,MVBL000001,52,ld2
0,SLSI,MVBL000001,9,ld2
0,SLNI,MVBL000001,0.12,ld2
0,SLHW,MVBL000001,4.9,ld2
0,SCEC,MVBL000001,3.5,ld2
0,SLB,MVBL000001,72,ld3
0,SLLL,MVBL000001,0.23,ld3
0,SDUL,MVBL000001,0.35,ld3
0,SSAT,MVBL000001,0.556,ld3
0,SRGF,MVBL000001,0.8,ld3
0,SSKS,MVBL000001,1.27,ld3
0,SBDM,MVBL000001,1.12,ld3
0,SLOC,MVBL000001,0.7,ld3
0,SLCL,MVBL000001,55,ld3
0,SLSI,MVBL000001,11,ld3
0,SLNI,MVBL000001,0.07,ld3
0,SLHW,MVBL000001,4.8,ld3
0,SCEC,MVBL000001,1.8,ld3
0,SLB,MVBL000001,102,ld4
0,SLLL,MVBL000001,0.214,ld4
0,SDUL,MVBL000001,0.358,ld4
0,SSAT,MVBL000001,0.594,ld4
0,SRGF,MVBL000001,0.5,ld4
0,SSKS,MVBL000001,1.57,ld4
0,SBDM,MVBL000001,1.02,ld4
0,SLOC,MVBL000001,0.5,ld4
0,SLCL,MVBL000001,60,ld4
0,SLSI,MVBL000001,8,ld4
0,SLNI,MVBL000001,0.05,ld4
0,SLHW,MVBL000001,5,ld4
0,SCEC,MVBL000001,1.8,ld4
0,SLB,MVBL000001,147,ld5
0,SLLL,MVBL000001,0.209,ld5
0,SDUL,MVBL000001,0.347,ld5
0,SSAT,MVBL000001,0.455,ld5
0,SRGF,MVBL000001,0.2,ld5
0,SSKS,MVBL000001,0.38,ld5
0,SBDM,MVBL000001,1.4,ld5
0,SLOC,MVBL000001,0.3,ld5
0,SLCL,MVBL000001,59,ld5
0,SLSI,MVBL000001,8,ld5
0,SLNI,MVBL000001,0.03,ld5
0,SLHW,MVBL000001,5.7,ld5
0,SCEC,MVBL000001,1.8,ld5
0,SLB,MVBL000001,175,ld6
0,SLLL,MVBL000001,0.209,ld6
0,SDUL,MVBL000001,0.347,ld6
0,SSAT,MVBL000001,0.453,ld6
0,SRGF,MVBL000001,0.05,ld6
0,SSKS,MVBL000001,0.37,ld6
0,SBDM,MVBL000001,1.4,ld6
0,SLOC,MVBL000001,0.3,ld6
0,SLCL,MVBL000001,58,ld6
0,SLSI,MVBL000001,9,ld6
0,SLNI,MVBL000001,0.03,ld6
0,SLHW,MVBL000001,5.7,ld6
0,SCEC,MVBL000001,1.1,ld6
